{"v":"5.5.9","fr":29.9700012207031,"ip":0,"op":150.000006109625,"w":200,"h":200,"nm":"Github extra","ddd":0,"assets":[],"layers":[{"ddd":0,"ind":1,"ty":4,"nm":"Layer 1 Outlines","sr":1,"ks":{"o":{"a":0,"k":100,"ix":11},"r":{"a":0,"k":0,"ix":10},"p":{"a":0,"k":[95.679,107.264,0],"ix":2},"a":{"a":0,"k":[49.571,72.986,0],"ix":1},"s":{"a":0,"k":[100,100,100],"ix":6}},"ao":0,"shapes":[{"ty":"gr","it":[{"ty":"gr","it":[{"ty":"gr","it":[{"ind":0,"ty":"sh","ix":1,"ks":{"a":0,"k":{"i":[[0.77,0.041],[0.03,0.755],[-0.793,-0.016],[-0.055,-0.767]],"o":[[-0.83,-0.044],[-0.027,-0.678],[0.667,0.086],[0.052,0.732]],"v":[[-1.812,-1.763],[-3.044,-3.083],[-1.605,-4.334],[-0.429,-3.035]],"c":true},"ix":2},"nm":"Path 1","mn":"ADBE Vector Shape - Group","hd":false},{"ind":1,"ty":"sh","ix":2,"ks":{"a":0,"k":{"i":[[1.703,-2.267],[-0.038,-1.72],[-1.301,-1.512],[-1.654,1.98],[2.161,2.691]],"o":[[-1.098,1.462],[-0.029,2.059],[1.68,1.952],[2.204,-2.64],[-1.775,-2.209]],"v":[[-3.361,-4.954],[-4.868,-0.091],[-3.132,5.292],[2.661,5.217],[2.745,-5.035]],"c":true},"ix":2},"nm":"Path 2","mn":"ADBE Vector Shape - Group","hd":false},{"ty":"mm","mm":1,"nm":"Merge Paths 1","mn":"ADBE Vector Filter - Merge","hd":false},{"ty":"fl","c":{"a":0,"k":[0.675,0.361000001197,0.317999985639,1],"ix":4},"o":{"a":0,"k":100,"ix":5},"r":1,"bm":0,"nm":"Fill 1","mn":"ADBE Vector Graphic - Fill","hd":false},{"ty":"tr","p":{"a":0,"k":[68.441,49.929],"ix":2},"a":{"a":0,"k":[0,0],"ix":1},"s":{"a":0,"k":[100,100],"ix":3},"r":{"a":0,"k":0,"ix":6},"o":{"a":0,"k":100,"ix":7},"sk":{"a":0,"k":0,"ix":4},"sa":{"a":0,"k":0,"ix":5},"nm":"Transform"}],"nm":"Group 1","np":4,"cix":2,"bm":0,"ix":1,"mn":"ADBE Vector Group","hd":false},{"ty":"gr","it":[{"ind":0,"ty":"sh","ix":1,"ks":{"a":0,"k":{"i":[[0.667,0.086],[-0.027,-0.677],[-0.83,-0.045],[0.052,0.733]],"o":[[-0.793,-0.016],[0.03,0.755],[0.77,0.041],[-0.055,-0.766]],"v":[[0.119,-1.298],[-1.32,-0.048],[-0.089,1.273],[1.295,0]],"c":true},"ix":2},"nm":"Path 1","mn":"ADBE Vector Shape - Group","hd":false},{"ty":"fl","c":{"a":0,"k":[1,1,1,1],"ix":4},"o":{"a":0,"k":100,"ix":5},"r":1,"bm":0,"nm":"Fill 1","mn":"ADBE Vector Graphic - Fill","hd":false},{"ty":"tr","p":{"a":0,"k":[66.718,46.893],"ix":2},"a":{"a":0,"k":[0,0],"ix":1},"s":{"a":0,"k":[100,100],"ix":3},"r":{"a":0,"k":0,"ix":6},"o":{"a":0,"k":100,"ix":7},"sk":{"a":0,"k":0,"ix":4},"sa":{"a":0,"k":0,"ix":5},"nm":"Transform"}],"nm":"Group 2","np":2,"cix":2,"bm":0,"ix":2,"mn":"ADBE Vector Group","hd":false},{"ty":"gr","it":[{"ind":0,"ty":"sh","ix":1,"ks":{"a":0,"k":{"i":[[1.479,1.729],[2.328,-2.605],[-3.145,-3.67],[-2.302,2.987],[-0.126,2.115]],"o":[[-2.282,-2.665],[-3.211,3.593],[2.445,2.852],[1.579,-2.047],[-0.011,-3.075]],"v":[[4.368,-7.24],[-3.511,-7.342],[-3.64,7.094],[4.602,6.867],[6.785,0.305]],"c":true},"ix":2},"nm":"Path 1","mn":"ADBE Vector Shape - Group","hd":false},{"ty":"fl","c":{"a":0,"k":[1,1,1,1],"ix":4},"o":{"a":0,"k":100,"ix":5},"r":1,"bm":0,"nm":"Fill 1","mn":"ADBE Vector Graphic - Fill","hd":false},{"ty":"tr","p":{"a":0,"k":[68.397,50.12],"ix":2},"a":{"a":0,"k":[0,0],"ix":1},"s":{"a":0,"k":[100,100],"ix":3},"r":{"a":0,"k":0,"ix":6},"o":{"a":0,"k":100,"ix":7},"sk":{"a":0,"k":0,"ix":4},"sa":{"a":0,"k":0,"ix":5},"nm":"Transform"}],"nm":"Group 3","np":2,"cix":2,"bm":0,"ix":3,"mn":"ADBE Vector Group","hd":false},{"ty":"tr","p":{"a":0,"k":[68.81,50.073],"ix":2},"a":{"a":0,"k":[68.81,50.073],"ix":1},"s":{"a":1,"k":[{"i":{"x":[0.208,0.667],"y":[1.505,1]},"o":{"x":[0.333,0.333],"y":[0,0]},"t":21,"s":[100,100]},{"i":{"x":[0.667,0.667],"y":[1,1]},"o":{"x":[0.333,0.333],"y":[3.277,0]},"t":28,"s":[100,21]},{"t":46.0000018736184,"s":[100,100]}],"ix":3},"r":{"a":0,"k":0,"ix":6},"o":{"a":0,"k":100,"ix":7},"sk":{"a":0,"k":0,"ix":4},"sa":{"a":0,"k":0,"ix":5},"nm":"Transform"}],"nm":"RightEye","np":3,"cix":2,"bm":0,"ix":1,"mn":"ADBE Vector Group","hd":false},{"ty":"gr","it":[{"ind":0,"ty":"sh","ix":1,"ks":{"a":0,"k":{"i":[[0.78,0.05],[0.02,-0.784],[-0.751,-0.041],[-0.073,0.749]],"o":[[-0.766,-0.049],[-0.019,0.741],[0.749,0.041],[0.074,-0.766]],"v":[[0.053,-1.457],[-1.489,-0.015],[-0.103,1.465],[1.434,0.142]],"c":true},"ix":2},"nm":"Path 1","mn":"ADBE Vector Shape - Group","hd":false},{"ty":"fl","c":{"a":0,"k":[1,1,1,1],"ix":4},"o":{"a":0,"k":100,"ix":5},"r":1,"bm":0,"nm":"Fill 1","mn":"ADBE Vector Graphic - Fill","hd":false},{"ty":"tr","p":{"a":0,"k":[29.537,46.884],"ix":2},"a":{"a":0,"k":[0,0],"ix":1},"s":{"a":0,"k":[100,100],"ix":3},"r":{"a":0,"k":0,"ix":6},"o":{"a":0,"k":100,"ix":7},"sk":{"a":0,"k":0,"ix":4},"sa":{"a":0,"k":0,"ix":5},"nm":"Transform"}],"nm":"Group 4","np":2,"cix":2,"bm":0,"ix":2,"mn":"ADBE Vector Group","hd":false},{"ty":"gr","it":[{"ty":"gr","it":[{"ind":0,"ty":"sh","ix":1,"ks":{"a":0,"k":{"i":[[-0.906,-0.011],[0.029,0.958],[0.983,-0.015],[-0.007,-0.952]],"o":[[0.943,0.011],[-0.029,-0.957],[-0.966,0.014],[0.006,0.916]],"v":[[-0.027,1.68],[1.672,-0.079],[-0.043,-1.676],[-1.694,-0.014]],"c":true},"ix":2},"nm":"Path 1","mn":"ADBE Vector Shape - Group","hd":false},{"ty":"fl","c":{"a":0,"k":[0.675,0.361000001197,0.317999985639,1],"ix":4},"o":{"a":0,"k":100,"ix":5},"r":1,"bm":0,"nm":"Fill 1","mn":"ADBE Vector Graphic - Fill","hd":false},{"ty":"tr","p":{"a":0,"k":[49.387,58.937],"ix":2},"a":{"a":0,"k":[0,0],"ix":1},"s":{"a":0,"k":[100,100],"ix":3},"r":{"a":0,"k":0,"ix":6},"o":{"a":0,"k":100,"ix":7},"sk":{"a":0,"k":0,"ix":4},"sa":{"a":0,"k":0,"ix":5},"nm":"Transform"}],"nm":"Group 5","np":2,"cix":2,"bm":0,"ix":1,"mn":"ADBE Vector Group","hd":false},{"ty":"gr","it":[{"ind":0,"ty":"sh","ix":1,"ks":{"a":0,"k":{"i":[[0.082,-0.189],[1.048,2.544],[0.268,0.125],[-0.08,-0.231],[-1.763,0.004],[-0.42,1.445],[0.052,0.27]],"o":[[-1.22,2.827],[-0.083,-0.201],[-0.032,0.27],[0.525,1.51],[1.74,-0.004],[0.069,-0.234],[-0.246,0.119]],"v":[[3.066,-1.326],[-3.046,-1.279],[-3.827,-1.665],[-3.909,-0.859],[0.016,1.688],[3.92,-0.887],[3.782,-1.691]],"c":true},"ix":2},"nm":"Path 1","mn":"ADBE Vector Shape - Group","hd":false},{"ty":"fl","c":{"a":0,"k":[0.675,0.361000001197,0.317999985639,1],"ix":4},"o":{"a":0,"k":100,"ix":5},"r":1,"bm":0,"nm":"Fill 1","mn":"ADBE Vector Graphic - Fill","hd":false},{"ty":"tr","p":{"a":0,"k":[49.363,64.521],"ix":2},"a":{"a":0,"k":[0,0],"ix":1},"s":{"a":0,"k":[100,100],"ix":3},"r":{"a":0,"k":0,"ix":6},"o":{"a":0,"k":100,"ix":7},"sk":{"a":0,"k":0,"ix":4},"sa":{"a":0,"k":0,"ix":5},"nm":"Transform"}],"nm":"Group 6","np":2,"cix":2,"bm":0,"ix":2,"mn":"ADBE Vector Group","hd":false},{"ty":"tr","p":{"a":1,"k":[{"i":{"x":0.833,"y":0.833},"o":{"x":0.167,"y":0.167},"t":112,"s":[49.365,61.734],"to":[0,-0.375],"ti":[0,0]},{"i":{"x":0.833,"y":0.833},"o":{"x":0.167,"y":0.167},"t":118,"s":[49.365,59.484],"to":[0,0],"ti":[0,-0.375]},{"t":124.000005050624,"s":[49.365,61.734]}],"ix":2},"a":{"a":0,"k":[49.365,61.734],"ix":1},"s":{"a":0,"k":[100,100],"ix":3},"r":{"a":0,"k":0,"ix":6},"o":{"a":0,"k":100,"ix":7},"sk":{"a":0,"k":0,"ix":4},"sa":{"a":0,"k":0,"ix":5},"nm":"Transform"}],"nm":"NoseMough","np":2,"cix":2,"bm":0,"ix":3,"mn":"ADBE Vector Group","hd":false},{"ty":"gr","it":[{"ind":0,"ty":"sh","ix":1,"ks":{"a":0,"k":{"i":[[0.749,0.041],[-0.019,0.74],[-0.766,-0.049],[0.074,-0.766]],"o":[[-0.751,-0.042],[0.02,-0.784],[0.78,0.05],[-0.074,0.749]],"v":[[-1.8,-1.644],[-3.186,-3.123],[-1.645,-4.565],[-0.264,-2.968]],"c":true},"ix":2},"nm":"Path 1","mn":"ADBE Vector Shape - Group","hd":false},{"ind":1,"ty":"sh","ix":2,"ks":{"a":0,"k":{"i":[[1.691,-1.893],[-2.286,-2.667],[-1.673,2.17],[-0.091,1.536],[1.075,1.256]],"o":[[-2.333,2.61],[1.776,2.072],[1.147,-1.488],[-0.007,-2.235],[-1.658,-1.936]],"v":[[-2.55,-5.334],[-2.643,5.155],[3.344,4.991],[4.93,0.223],[3.174,-5.26]],"c":true},"ix":2},"nm":"Path 2","mn":"ADBE Vector Shape - Group","hd":false},{"ty":"mm","mm":1,"nm":"Merge Paths 1","mn":"ADBE Vector Filter - Merge","hd":false},{"ty":"fl","c":{"a":0,"k":[0.675,0.361000001197,0.317999985639,1],"ix":4},"o":{"a":0,"k":100,"ix":5},"r":1,"bm":0,"nm":"Fill 1","mn":"ADBE Vector Graphic - Fill","hd":false},{"ty":"tr","p":{"a":0,"k":[31.235,49.993],"ix":2},"a":{"a":0,"k":[0,0],"ix":1},"s":{"a":0,"k":[100,100],"ix":3},"r":{"a":0,"k":0,"ix":6},"o":{"a":0,"k":100,"ix":7},"sk":{"a":0,"k":0,"ix":4},"sa":{"a":0,"k":0,"ix":5},"nm":"Transform"}],"nm":"Group 7","np":4,"cix":2,"bm":0,"ix":4,"mn":"ADBE Vector Group","hd":false},{"ty":"gr","it":[{"ind":0,"ty":"sh","ix":1,"ks":{"a":0,"k":{"i":[[1.147,-1.488],[1.776,2.072],[-2.333,2.611],[-1.658,-1.937],[-0.007,-2.234]],"o":[[-1.673,2.17],[-2.286,-2.666],[1.691,-1.892],[1.075,1.255],[-0.091,1.536]],"v":[[3.715,5.499],[-2.273,5.663],[-2.18,-4.827],[3.545,-4.752],[5.3,0.73]],"c":true},"ix":2},"nm":"Path 1","mn":"ADBE Vector Shape - Group","hd":false},{"ind":1,"ty":"sh","ix":2,"ks":{"a":0,"k":{"i":[[2.329,-2.606],[-3.146,-3.67],[-2.303,2.986],[-0.127,2.114],[1.48,1.729]],"o":[[-3.21,3.592],[2.444,2.852],[1.579,-2.048],[-0.011,-3.076],[-2.281,-2.664]],"v":[[-3.511,-7.34],[-3.639,7.094],[4.602,6.868],[6.785,0.307],[4.368,-7.24]],"c":true},"ix":2},"nm":"Path 2","mn":"ADBE Vector Shape - Group","hd":false},{"ty":"mm","mm":1,"nm":"Merge Paths 1","mn":"ADBE Vector Filter - Merge","hd":false},{"ty":"fl","c":{"a":0,"k":[1,1,1,1],"ix":4},"o":{"a":0,"k":100,"ix":5},"r":1,"bm":0,"nm":"Fill 1","mn":"ADBE Vector Graphic - Fill","hd":false},{"ty":"tr","p":{"a":0,"k":[30.864,49.486],"ix":2},"a":{"a":0,"k":[0,0],"ix":1},"s":{"a":0,"k":[100,100],"ix":3},"r":{"a":0,"k":0,"ix":6},"o":{"a":0,"k":100,"ix":7},"sk":{"a":0,"k":0,"ix":4},"sa":{"a":0,"k":0,"ix":5},"nm":"Transform"}],"nm":"Group 8","np":4,"cix":2,"bm":0,"ix":5,"mn":"ADBE Vector Group","hd":false},{"ty":"gr","it":[{"ind":0,"ty":"sh","ix":1,"ks":{"a":0,"k":{"i":[[-1.477,0.178],[-3.131,0.229],[-4.505,-6.414],[0.152,-2.596],[26.65,0],[9.698,3.284],[0.153,3.742],[-6.032,4.2],[0,0]],"o":[[0,0],[3.131,-0.229],[4.505,6.415],[-0.153,2.596],[0,0],[-9.698,-3.283],[-0.152,-3.741],[6.033,-4.2],[0,0]],"v":[[-1.667,-16.011],[12.333,-16.724],[28.521,-11.454],[31.729,1.604],[4.926,17.639],[-21.343,14.967],[-32.874,-0.23],[-26.994,-14.051],[-12.409,-16.648]],"c":true},"ix":2},"nm":"Path 1","mn":"ADBE Vector Shape - Group","hd":false},{"ty":"fl","c":{"a":0,"k":[0.957000014361,0.791999966491,0.694000004787,1],"ix":4},"o":{"a":0,"k":100,"ix":5},"r":1,"bm":0,"nm":"Fill 1","mn":"ADBE Vector Graphic - Fill","hd":false},{"ty":"tr","p":{"a":0,"k":[50.713,51.031],"ix":2},"a":{"a":0,"k":[0,0],"ix":1},"s":{"a":0,"k":[100,100],"ix":3},"r":{"a":0,"k":0,"ix":6},"o":{"a":0,"k":100,"ix":7},"sk":{"a":0,"k":0,"ix":4},"sa":{"a":0,"k":0,"ix":5},"nm":"Transform"}],"nm":"Group 9","np":2,"cix":2,"bm":0,"ix":6,"mn":"ADBE Vector Group","hd":false},{"ty":"gr","it":[{"ind":0,"ty":"sh","ix":1,"ks":{"a":0,"k":{"i":[[18.021,-5.346],[7.789,-1.222],[-2.902,-6.72],[-8.526,-16.507],[0,0],[-7.583,4.543],[0.152,15.883],[4.582,5.957],[0,0],[10.385,-7.789]],"o":[[0,0],[-1.68,5.192],[-6.262,6.719],[8.756,16.953],[0,0],[7.266,-4.355],[-0.154,-15.883],[2.443,-6.261],[0,0],[0,0]],"v":[[-14.598,-28.407],[-33.23,-35.585],[-33.994,-17.868],[-36.896,19.854],[0.827,36.126],[31.525,30.851],[45.27,4.581],[37.175,-18.786],[36.411,-35.738],[18.085,-29.018]],"c":true},"ix":2},"nm":"Path 1","mn":"ADBE Vector Shape - Group","hd":false},{"ty":"fl","c":{"a":0,"k":[0.125,0.125,0.125,1],"ix":4},"o":{"a":0,"k":100,"ix":5},"r":1,"bm":0,"nm":"Fill 1","mn":"ADBE Vector Graphic - Fill","hd":false},{"ty":"tr","p":{"a":0,"k":[47.71,37.057],"ix":2},"a":{"a":0,"k":[0,0],"ix":1},"s":{"a":0,"k":[100,100],"ix":3},"r":{"a":0,"k":0,"ix":6},"o":{"a":0,"k":100,"ix":7},"sk":{"a":0,"k":0,"ix":4},"sa":{"a":0,"k":0,"ix":5},"nm":"Transform"}],"nm":"Group 28","np":2,"cix":2,"bm":0,"ix":7,"mn":"ADBE Vector Group","hd":false},{"ty":"gr","it":[{"ind":0,"ty":"sh","ix":1,"ks":{"a":0,"k":{"i":[[0,0],[8.881,-4.123]],"o":[[0,0],[0,0]],"v":[[15.701,-2.273],[-15.701,2.273]],"c":false},"ix":2},"nm":"Path 1","mn":"ADBE Vector Shape - Group","hd":false},{"ty":"st","c":{"a":0,"k":[0,0,0,1],"ix":3},"o":{"a":0,"k":100,"ix":4},"w":{"a":0,"k":0.5,"ix":5},"lc":1,"lj":1,"ml":10,"bm":0,"nm":"Stroke 1","mn":"ADBE Vector Graphic - Stroke","hd":false},{"ty":"tr","p":{"a":0,"k":[12.129,58.016],"ix":2},"a":{"a":0,"k":[15.756,-2.13],"ix":1},"s":{"a":0,"k":[100,100],"ix":3},"r":{"a":1,"k":[{"i":{"x":[0.833],"y":[0.833]},"o":{"x":[0.167],"y":[0.167]},"t":82,"s":[0]},{"i":{"x":[0.833],"y":[0.833]},"o":{"x":[0.167],"y":[0.167]},"t":86,"s":[-11]},{"t":90.0000036657751,"s":[0]}],"ix":6},"o":{"a":0,"k":100,"ix":7},"sk":{"a":0,"k":0,"ix":4},"sa":{"a":0,"k":0,"ix":5},"nm":"Transform"}],"nm":"Group 29","np":2,"cix":2,"bm":0,"ix":8,"mn":"ADBE Vector Group","hd":false},{"ty":"gr","it":[{"ind":0,"ty":"sh","ix":1,"ks":{"a":0,"k":{"i":[[0,0],[8.563,-2.961]],"o":[[0,0],[0,0]],"v":[[15.225,-0.529],[-15.225,1.48]],"c":false},"ix":2},"nm":"Path 1","mn":"ADBE Vector Shape - Group","hd":false},{"ty":"st","c":{"a":0,"k":[0,0,0,1],"ix":3},"o":{"a":0,"k":100,"ix":4},"w":{"a":0,"k":0.5,"ix":5},"lc":1,"lj":1,"ml":10,"bm":0,"nm":"Stroke 1","mn":"ADBE Vector Graphic - Stroke","hd":false},{"ty":"tr","p":{"a":0,"k":[10.745,54.823],"ix":2},"a":{"a":0,"k":[15.271,-0.408],"ix":1},"s":{"a":0,"k":[100,100],"ix":3},"r":{"a":1,"k":[{"i":{"x":[0.833],"y":[0.833]},"o":{"x":[0.167],"y":[0.167]},"t":81,"s":[0]},{"i":{"x":[0.833],"y":[0.833]},"o":{"x":[0.167],"y":[0.167]},"t":85.815,"s":[19]},{"t":91.000003706506,"s":[0]}],"ix":6},"o":{"a":0,"k":100,"ix":7},"sk":{"a":0,"k":0,"ix":4},"sa":{"a":0,"k":0,"ix":5},"nm":"Transform"}],"nm":"Group 30","np":2,"cix":2,"bm":0,"ix":9,"mn":"ADBE Vector Group","hd":false},{"ty":"gr","it":[{"ind":0,"ty":"sh","ix":1,"ks":{"a":0,"k":{"i":[[0,0],[-6.977,-3.383]],"o":[[0,0],[0,0]],"v":[[-16.281,-2.326],[16.281,2.326]],"c":false},"ix":2},"nm":"Path 1","mn":"ADBE Vector Shape - Group","hd":false},{"ty":"st","c":{"a":0,"k":[0,0,0,1],"ix":3},"o":{"a":0,"k":100,"ix":4},"w":{"a":0,"k":0.5,"ix":5},"lc":1,"lj":1,"ml":10,"bm":0,"nm":"Stroke 1","mn":"ADBE Vector Graphic - Stroke","hd":false},{"ty":"tr","p":{"a":0,"k":[89.044,57.955],"ix":2},"a":{"a":0,"k":[-16.126,-2.033],"ix":1},"s":{"a":0,"k":[100,100],"ix":3},"r":{"a":1,"k":[{"i":{"x":[0.833],"y":[0.833]},"o":{"x":[0.167],"y":[0.167]},"t":81,"s":[0]},{"i":{"x":[0.833],"y":[0.833]},"o":{"x":[0.167],"y":[0.167]},"t":86,"s":[17]},{"t":91.000003706506,"s":[0]}],"ix":6},"o":{"a":0,"k":100,"ix":7},"sk":{"a":0,"k":0,"ix":4},"sa":{"a":0,"k":0,"ix":5},"nm":"Transform"}],"nm":"Group 31","np":2,"cix":2,"bm":0,"ix":10,"mn":"ADBE Vector Group","hd":false},{"ty":"gr","it":[{"ind":0,"ty":"sh","ix":1,"ks":{"a":0,"k":{"i":[[0,0],[-6.872,-2.96]],"o":[[0,0],[0,0]],"v":[[-15.753,-0.74],[15.753,1.48]],"c":false},"ix":2},"nm":"Path 1","mn":"ADBE Vector Shape - Group","hd":false},{"ty":"st","c":{"a":0,"k":[0,0,0,1],"ix":3},"o":{"a":0,"k":100,"ix":4},"w":{"a":0,"k":0.5,"ix":5},"lc":1,"lj":1,"ml":10,"bm":0,"nm":"Stroke 1","mn":"ADBE Vector Graphic - Stroke","hd":false},{"ty":"tr","p":{"a":0,"k":[90.191,55.793],"ix":2},"a":{"a":0,"k":[-15.719,0.456],"ix":1},"s":{"a":0,"k":[100,100],"ix":3},"r":{"a":1,"k":[{"i":{"x":[0.833],"y":[0.833]},"o":{"x":[0.167],"y":[0.167]},"t":81,"s":[0]},{"i":{"x":[0.833],"y":[0.833]},"o":{"x":[0.167],"y":[0.167]},"t":86,"s":[-18]},{"t":91.000003706506,"s":[0]}],"ix":6},"o":{"a":0,"k":100,"ix":7},"sk":{"a":0,"k":0,"ix":4},"sa":{"a":0,"k":0,"ix":5},"nm":"Transform"}],"nm":"Group 32","np":2,"cix":2,"bm":0,"ix":11,"mn":"ADBE Vector Group","hd":false},{"ty":"tr","p":{"a":0,"k":[50.241,51.399],"ix":2},"a":{"a":0,"k":[50.241,51.399],"ix":1},"s":{"a":0,"k":[100,100],"ix":3},"r":{"a":1,"k":[{"i":{"x":[0.667],"y":[1]},"o":{"x":[0.333],"y":[0]},"t":30,"s":[0]},{"i":{"x":[0.667],"y":[1]},"o":{"x":[0.333],"y":[0]},"t":39,"s":[-21]},{"t":63.0000025660426,"s":[0]}],"ix":6},"o":{"a":0,"k":100,"ix":7},"sk":{"a":0,"k":0,"ix":4},"sa":{"a":0,"k":0,"ix":5},"nm":"Transform"}],"nm":"Face","np":11,"cix":2,"bm":0,"ix":1,"mn":"ADBE Vector Group","hd":false},{"ty":"gr","it":[{"ty":"gr","it":[{"ind":0,"ty":"sh","ix":1,"ks":{"a":0,"k":{"i":[[0.181,-0.151],[-0.381,-0.18],[-0.427,0.312],[0.374,0.081]],"o":[[0.348,0.25],[0.101,0.047],[-0.594,-0.28],[-0.141,-0.03]],"v":[[-0.923,-0.156],[0.133,0.565],[0.923,0.005],[-0.387,-0.582]],"c":true},"ix":2},"nm":"Path 1","mn":"ADBE Vector Shape - Group","hd":false},{"ty":"fl","c":{"a":0,"k":[0.611999990426,0.855000035903,0.941000007181,1],"ix":4},"o":{"a":0,"k":100,"ix":5},"r":1,"bm":0,"nm":"Fill 1","mn":"ADBE Vector Graphic - Fill","hd":false},{"ty":"tr","p":{"a":0,"k":[7.261,72.219],"ix":2},"a":{"a":0,"k":[0,0],"ix":1},"s":{"a":0,"k":[100,100],"ix":3},"r":{"a":0,"k":0,"ix":6},"o":{"a":0,"k":100,"ix":7},"sk":{"a":0,"k":0,"ix":4},"sa":{"a":0,"k":0,"ix":5},"nm":"Transform"}],"nm":"Group 10","np":2,"cix":2,"bm":0,"ix":1,"mn":"ADBE Vector Group","hd":false},{"ty":"gr","it":[{"ind":0,"ty":"sh","ix":1,"ks":{"a":0,"k":{"i":[[0.361,-0.328],[-0.303,-0.328],[-0.097,0.07],[-0.065,0.504],[0.103,0.082]],"o":[[0.303,0.328],[0.097,-0.068],[0.065,-0.504],[-0.103,-0.083],[-0.361,0.327]],"v":[[-0.697,-0.001],[0.212,0.982],[0.503,0.777],[0.697,-0.736],[0.387,-0.982]],"c":true},"ix":2},"nm":"Path 1","mn":"ADBE Vector Shape - Group","hd":false},{"ty":"fl","c":{"a":0,"k":[0.611999990426,0.855000035903,0.941000007181,1],"ix":4},"o":{"a":0,"k":100,"ix":5},"r":1,"bm":0,"nm":"Fill 1","mn":"ADBE Vector Graphic - Fill","hd":false},{"ty":"tr","p":{"a":0,"k":[31.191,83.838],"ix":2},"a":{"a":0,"k":[0,0],"ix":1},"s":{"a":0,"k":[100,100],"ix":3},"r":{"a":0,"k":0,"ix":6},"o":{"a":0,"k":100,"ix":7},"sk":{"a":0,"k":0,"ix":4},"sa":{"a":0,"k":0,"ix":5},"nm":"Transform"}],"nm":"Group 11","np":2,"cix":2,"bm":0,"ix":2,"mn":"ADBE Vector Group","hd":false},{"ty":"gr","it":[{"ind":0,"ty":"sh","ix":1,"ks":{"a":0,"k":{"i":[[0.196,-0.218],[-0.419,-0.253],[-0.465,0.324],[0.445,0.208]],"o":[[0.378,0.319],[0.091,0.054],[-0.62,-0.427],[-0.076,-0.036]],"v":[[-1.013,-0.166],[0.139,0.765],[1.013,0.171],[-0.443,-0.783]],"c":true},"ix":2},"nm":"Path 1","mn":"ADBE Vector Shape - Group","hd":false},{"ty":"fl","c":{"a":0,"k":[0.611999990426,0.855000035903,0.941000007181,1],"ix":4},"o":{"a":0,"k":100,"ix":5},"r":1,"bm":0,"nm":"Fill 1","mn":"ADBE Vector Graphic - Fill","hd":false},{"ty":"tr","p":{"a":0,"k":[9.851,74.149],"ix":2},"a":{"a":0,"k":[0,0],"ix":1},"s":{"a":0,"k":[100,100],"ix":3},"r":{"a":0,"k":0,"ix":6},"o":{"a":0,"k":100,"ix":7},"sk":{"a":0,"k":0,"ix":4},"sa":{"a":0,"k":0,"ix":5},"nm":"Transform"}],"nm":"Group 12","np":2,"cix":2,"bm":0,"ix":3,"mn":"ADBE Vector Group","hd":false},{"ty":"gr","it":[{"ind":0,"ty":"sh","ix":1,"ks":{"a":0,"k":{"i":[[0.777,-0.021],[0.162,-0.143],[-0.777,0.037],[0.021,0.241]],"o":[[-0.244,0.007],[0.189,0.906],[0.212,-0.01],[-0.059,-0.677]],"v":[[-0.292,-0.998],[-0.931,-0.463],[0.344,0.982],[0.91,0.241]],"c":true},"ix":2},"nm":"Path 1","mn":"ADBE Vector Shape - Group","hd":false},{"ty":"fl","c":{"a":0,"k":[0.611999990426,0.855000035903,0.941000007181,1],"ix":4},"o":{"a":0,"k":100,"ix":5},"r":1,"bm":0,"nm":"Fill 1","mn":"ADBE Vector Graphic - Fill","hd":false},{"ty":"tr","p":{"a":0,"k":[12.188,77.138],"ix":2},"a":{"a":0,"k":[0,0],"ix":1},"s":{"a":0,"k":[100,100],"ix":3},"r":{"a":0,"k":0,"ix":6},"o":{"a":0,"k":100,"ix":7},"sk":{"a":0,"k":0,"ix":4},"sa":{"a":0,"k":0,"ix":5},"nm":"Transform"}],"nm":"Group 13","np":2,"cix":2,"bm":0,"ix":4,"mn":"ADBE Vector Group","hd":false},{"ty":"gr","it":[{"ind":0,"ty":"sh","ix":1,"ks":{"a":0,"k":{"i":[[0.074,-0.385],[-0.527,0.097],[-0.42,0.262],[0.496,0.539]],"o":[[-0.136,0.699],[0.453,-0.083],[-0.327,-0.355],[-0.539,0.501]],"v":[[-1.107,0.124],[-0.023,0.951],[1.243,0.202],[0.093,-1.048]],"c":true},"ix":2},"nm":"Path 1","mn":"ADBE Vector Shape - Group","hd":false},{"ty":"fl","c":{"a":0,"k":[0.611999990426,0.855000035903,0.941000007181,1],"ix":4},"o":{"a":0,"k":100,"ix":5},"r":1,"bm":0,"nm":"Fill 1","mn":"ADBE Vector Graphic - Fill","hd":false},{"ty":"tr","p":{"a":0,"k":[27.182,84.761],"ix":2},"a":{"a":0,"k":[0,0],"ix":1},"s":{"a":0,"k":[100,100],"ix":3},"r":{"a":0,"k":0,"ix":6},"o":{"a":0,"k":100,"ix":7},"sk":{"a":0,"k":0,"ix":4},"sa":{"a":0,"k":0,"ix":5},"nm":"Transform"}],"nm":"Group 14","np":2,"cix":2,"bm":0,"ix":5,"mn":"ADBE Vector Group","hd":false},{"ty":"gr","it":[{"ind":0,"ty":"sh","ix":1,"ks":{"a":0,"k":{"i":[[0.875,-0.022],[0.038,-0.286],[-0.614,0.119],[-0.051,0.269]],"o":[[-0.097,0.153],[-0.086,0.652],[0.269,-0.052],[0.116,-0.616]],"v":[[-0.6,-1.077],[-1.014,-0.383],[0.307,0.98],[0.984,0.3]],"c":true},"ix":2},"nm":"Path 1","mn":"ADBE Vector Shape - Group","hd":false},{"ty":"fl","c":{"a":0,"k":[0.611999990426,0.855000035903,0.941000007181,1],"ix":4},"o":{"a":0,"k":100,"ix":5},"r":1,"bm":0,"nm":"Fill 1","mn":"ADBE Vector Graphic - Fill","hd":false},{"ty":"tr","p":{"a":0,"k":[14.982,80.595],"ix":2},"a":{"a":0,"k":[0,0],"ix":1},"s":{"a":0,"k":[100,100],"ix":3},"r":{"a":0,"k":0,"ix":6},"o":{"a":0,"k":100,"ix":7},"sk":{"a":0,"k":0,"ix":4},"sa":{"a":0,"k":0,"ix":5},"nm":"Transform"}],"nm":"Group 15","np":2,"cix":2,"bm":0,"ix":6,"mn":"ADBE Vector Group","hd":false},{"ty":"gr","it":[{"ind":0,"ty":"sh","ix":1,"ks":{"a":0,"k":{"i":[[0.638,-0.085],[0.353,-0.236],[-0.512,-0.542],[-0.005,0.295]],"o":[[-0.376,0.05],[0.372,0.392],[0.517,-0.481],[0.013,-0.744]],"v":[[-0.117,-0.958],[-1.178,-0.285],[0.078,1.043],[1.165,-0.018]],"c":true},"ix":2},"nm":"Path 1","mn":"ADBE Vector Shape - Group","hd":false},{"ty":"fl","c":{"a":0,"k":[0.611999990426,0.855000035903,0.941000007181,1],"ix":4},"o":{"a":0,"k":100,"ix":5},"r":1,"bm":0,"nm":"Fill 1","mn":"ADBE Vector Graphic - Fill","hd":false},{"ty":"tr","p":{"a":0,"k":[22.53,84.999],"ix":2},"a":{"a":0,"k":[0,0],"ix":1},"s":{"a":0,"k":[100,100],"ix":3},"r":{"a":0,"k":0,"ix":6},"o":{"a":0,"k":100,"ix":7},"sk":{"a":0,"k":0,"ix":4},"sa":{"a":0,"k":0,"ix":5},"nm":"Transform"}],"nm":"Group 16","np":2,"cix":2,"bm":0,"ix":7,"mn":"ADBE Vector Group","hd":false},{"ty":"gr","it":[{"ind":0,"ty":"sh","ix":1,"ks":{"a":0,"k":{"i":[[0.969,-0.034],[0.049,-0.304],[-0.648,0.124],[-0.062,0.284]],"o":[[-0.104,0.136],[-0.086,0.538],[0.305,-0.058],[0.113,-0.534]],"v":[[-0.628,-0.952],[-1.128,-0.254],[0.322,0.861],[1.101,0.165]],"c":true},"ix":2},"nm":"Path 1","mn":"ADBE Vector Shape - Group","hd":false},{"ty":"fl","c":{"a":0,"k":[0.611999990426,0.855000035903,0.941000007181,1],"ix":4},"o":{"a":0,"k":100,"ix":5},"r":1,"bm":0,"nm":"Fill 1","mn":"ADBE Vector Graphic - Fill","hd":false},{"ty":"tr","p":{"a":0,"k":[18.309,83.56],"ix":2},"a":{"a":0,"k":[0,0],"ix":1},"s":{"a":0,"k":[100,100],"ix":3},"r":{"a":0,"k":0,"ix":6},"o":{"a":0,"k":100,"ix":7},"sk":{"a":0,"k":0,"ix":4},"sa":{"a":0,"k":0,"ix":5},"nm":"Transform"}],"nm":"Group 17","np":2,"cix":2,"bm":0,"ix":8,"mn":"ADBE Vector Group","hd":false},{"ty":"gr","it":[{"ind":0,"ty":"sh","ix":1,"ks":{"a":0,"k":{"i":[[0.064,-0.504],[0.097,-0.068],[0.303,0.328],[-0.362,0.327],[-0.103,-0.083]],"o":[[-0.097,0.069],[-0.303,-0.328],[0.361,-0.328],[0.102,0.082],[-0.064,0.504]],"v":[[-5.605,-9.574],[-5.896,-9.368],[-6.804,-10.35],[-5.72,-11.333],[-5.412,-11.087]],"c":true},"ix":2},"nm":"Path 1","mn":"ADBE Vector Shape - Group","hd":false},{"ind":1,"ty":"sh","ix":2,"ks":{"a":0,"k":{"i":[[0.452,-0.083],[-0.135,0.699],[-0.54,0.501],[-0.327,-0.356]],"o":[[-0.528,0.096],[0.075,-0.385],[0.495,0.539],[-0.419,0.261]],"v":[[-10.139,-8.477],[-11.224,-9.303],[-10.023,-10.475],[-8.874,-9.225]],"c":true},"ix":2},"nm":"Path 2","mn":"ADBE Vector Shape - Group","hd":false},{"ind":2,"ty":"sh","ix":3,"ks":{"a":0,"k":{"i":[[0.516,-0.482],[0.371,0.392],[-0.376,0.05],[0.014,-0.744]],"o":[[-0.513,-0.542],[0.352,-0.236],[0.638,-0.085],[-0.004,0.295]],"v":[[-14.69,-8.146],[-15.946,-9.473],[-14.886,-10.146],[-13.604,-9.208]],"c":true},"ix":2},"nm":"Path 3","mn":"ADBE Vector Shape - Group","hd":false},{"ind":3,"ty":"sh","ix":4,"ks":{"a":0,"k":{"i":[[0.305,-0.059],[-0.086,0.538],[-0.104,0.136],[0.114,-0.534]],"o":[[-0.648,0.124],[0.049,-0.304],[0.969,-0.034],[-0.061,0.285]],"v":[[-18.668,-9.766],[-20.118,-10.883],[-19.618,-11.581],[-17.89,-10.464]],"c":true},"ix":2},"nm":"Path 4","mn":"ADBE Vector Shape - Group","hd":false},{"ind":4,"ty":"sh","ix":5,"ks":{"a":0,"k":{"i":[[0.116,-0.616],[0.269,-0.052],[-0.086,0.651],[-0.097,0.154]],"o":[[-0.051,0.27],[-0.614,0.119],[0.038,-0.286],[0.875,-0.022]],"v":[[-21.333,-13.294],[-22.008,-12.613],[-23.329,-13.975],[-22.917,-14.671]],"c":true},"ix":2},"nm":"Path 5","mn":"ADBE Vector Shape - Group","hd":false},{"ind":5,"ty":"sh","ix":6,"ks":{"a":0,"k":{"i":[[0.212,-0.011],[0.188,0.906],[-0.244,0.007],[-0.06,-0.677]],"o":[[-0.776,0.036],[0.162,-0.144],[0.777,-0.021],[0.021,0.241]],"v":[[-24.768,-16.068],[-26.042,-17.512],[-25.402,-18.049],[-24.201,-16.809]],"c":true},"ix":2},"nm":"Path 6","mn":"ADBE Vector Shape - Group","hd":false},{"ind":6,"ty":"sh","ix":7,"ks":{"a":0,"k":{"i":[[0.091,0.055],[0.377,0.319],[-0.077,-0.036],[-0.62,-0.427]],"o":[[-0.418,-0.253],[0.195,-0.218],[0.444,0.208],[-0.465,0.324]],"v":[[-27.309,-19.275],[-28.46,-20.206],[-27.889,-20.822],[-26.434,-19.868]],"c":true},"ix":2},"nm":"Path 7","mn":"ADBE Vector Shape - Group","hd":false},{"ind":7,"ty":"sh","ix":8,"ks":{"a":0,"k":{"i":[[0.101,0.047],[0.348,0.25],[-0.141,-0.03],[-0.594,-0.28]],"o":[[-0.381,-0.18],[0.181,-0.151],[0.374,0.082],[-0.427,0.312]],"v":[[-29.904,-21.404],[-30.961,-22.126],[-30.424,-22.551],[-29.114,-21.965]],"c":true},"ix":2},"nm":"Path 8","mn":"ADBE Vector Shape - Group","hd":false},{"ind":8,"ty":"sh","ix":9,"ks":{"a":0,"k":{"i":[[4.798,0.053],[2.645,-2.224],[0.741,-2.778],[1.293,-0.343],[0.193,-0.064],[3.654,4.746],[0.548,0.817],[3.026,1.003],[1.555,-0.474],[-0.975,-0.86],[-0.809,-0.411],[-1.332,-2.157],[-0.865,-1.165],[-1.523,-1.352],[-4.126,0.153],[-1.997,0.195],[0,-0.228],[0.016,-4.55],[2.554,-1.156],[0.22,-0.29],[-0.083,-0.446],[-0.456,-0.067],[-0.873,0.088],[0.275,6.93],[-0.121,4.581],[-0.407,1.666],[-0.345,0.499],[0,-0.159],[0.037,-9.167],[1.661,-0.941],[-0.292,-0.973],[-0.816,0.011],[-0.02,5.032],[0.004,8.862],[-0.143,0.266],[-0.307,0.018],[-0.259,-0.294],[0,-0.269],[0.007,-5.501],[-0.043,-3.802],[-1.436,-1.377],[-2.222,-0.473],[-0.364,0.058],[-0.197,0.809],[0.697,0.426],[0.262,1.116],[0.005,1.039],[0.001,8.489],[-0.027,0.269],[-0.211,-0.41],[-0.003,-2.018],[-0.044,-4.82],[-2.906,-1.444],[-2.399,0.157],[-0.142,0.42],[0.289,0.493],[0.242,0.118],[0.091,2.944],[0.021,2.886],[0.147,3.798],[3.648,2.323]],"o":[[-3.186,-0.035],[-2.358,1.758],[-0.379,1.423],[-0.197,0.051],[-6.189,2.022],[-0.599,-0.778],[-1.749,-2.612],[-1.504,-0.5],[-1.259,0.384],[0.677,0.597],[2.271,1.158],[0.766,1.24],[1.225,1.65],[3.154,2.799],[1.954,-0.073],[0.019,0.203],[-0.012,4.549],[-0.011,2.877],[-0.369,0.168],[-0.321,0.42],[0.065,0.351],[0.863,0.127],[4.909,-0.496],[-0.182,-4.577],[0.045,-1.695],[0.134,-0.55],[0.263,0.282],[-0.009,9.167],[-0.007,1.741],[-0.835,0.473],[0.282,0.937],[5.059,-0.067],[0.036,-8.862],[0,-0.339],[0.179,-0.333],[0.319,-0.018],[0.146,0.166],[-0.01,5.501],[-0.005,3.802],[0.022,2.001],[1.676,1.606],[0.355,0.076],[0.737,-0.117],[0.203,-0.833],[-1.022,-0.625],[-0.237,-1.017],[-0.039,-8.488],[0,-0.27],[0.496,0.337],[0.94,1.827],[0.006,4.822],[0.029,3.192],[2.186,1.087],[0.515,-0.034],[0.137,-0.402],[-0.118,-0.203],[-2.717,-1.32],[-0.087,-2.883],[-0.029,-3.802],[-0.165,-4.243],[0,0]],"v":[[13.596,-24.275],[0.589,-21.101],[-4.108,-14.258],[-6.554,-11.807],[-7.131,-11.609],[-22.288,-15.79],[-23.935,-18.238],[-30.958,-23.846],[-35.561,-24.085],[-36.074,-22.012],[-33.792,-20.508],[-28.396,-15.538],[-26.152,-11.785],[-22.176,-7.068],[-10.998,-3.553],[-5.102,-4.111],[-5.042,-3.452],[-5.086,10.198],[-9.107,16.129],[-10.167,16.696],[-10.767,18.166],[-9.561,18.993],[-6.921,19.004],[2.225,9.325],[2.214,-4.424],[3.15,-9.482],[4.15,-10.984],[4.449,-10.385],[4.406,17.117],[2.199,21.312],[1.251,23.57],[3.163,24.544],[12.202,15.573],[12.201,-11.014],[12.247,-12.016],[13.102,-12.794],[14.079,-12.144],[14.182,-11.357],[14.146,5.146],[14.167,16.553],[16.486,21.594],[22.451,24.482],[23.564,24.467],[25.163,23.256],[24.294,21.364],[22.405,18.689],[21.967,15.579],[21.937,-9.885],[22.012,-10.695],[23.025,-9.587],[24.214,-3.76],[24.215,10.704],[28.572,17.741],[35.495,19.019],[36.911,18.133],[36.282,16.59],[35.601,16.173],[31.48,9.663],[31.423,1.007],[31.296,-10.398],[26.044,-20.863]],"c":true},"ix":2},"nm":"Path 9","mn":"ADBE Vector Shape - Group","hd":false},{"ty":"mm","mm":1,"nm":"Merge Paths 1","mn":"ADBE Vector Filter - Merge","hd":false},{"ty":"fl","c":{"a":0,"k":[0.125,0.125,0.125,1],"ix":4},"o":{"a":0,"k":100,"ix":5},"r":1,"bm":0,"nm":"Fill 1","mn":"ADBE Vector Graphic - Fill","hd":false},{"ty":"tr","p":{"a":0,"k":[37.299,94.188],"ix":2},"a":{"a":0,"k":[0,0],"ix":1},"s":{"a":0,"k":[100,100],"ix":3},"r":{"a":0,"k":0,"ix":6},"o":{"a":0,"k":100,"ix":7},"sk":{"a":0,"k":0,"ix":4},"sa":{"a":0,"k":0,"ix":5},"nm":"Transform"}],"nm":"Group 18","np":11,"cix":2,"bm":0,"ix":9,"mn":"ADBE Vector Group","hd":false},{"ty":"tr","p":{"a":0,"k":[37.427,94.286],"ix":2},"a":{"a":0,"k":[37.427,94.286],"ix":1},"s":{"a":0,"k":[100,100],"ix":3},"r":{"a":0,"k":0,"ix":6},"o":{"a":0,"k":100,"ix":7},"sk":{"a":0,"k":0,"ix":4},"sa":{"a":0,"k":0,"ix":5},"nm":"Transform"}],"nm":"Body","np":9,"cix":2,"bm":0,"ix":2,"mn":"ADBE Vector Group","hd":false},{"ty":"gr","it":[{"ty":"gr","it":[{"ind":0,"ty":"sh","ix":1,"ks":{"a":0,"k":{"i":[[-0.798,-0.477],[0.335,0.768],[0.052,-0.173]],"o":[[-0.114,-1],[-0.085,0.117],[-0.285,0.952]],"v":[[0.59,1.324],[-0.092,-1.324],[-0.305,-0.9]],"c":true},"ix":2},"nm":"Path 1","mn":"ADBE Vector Shape - Group","hd":false},{"ty":"fl","c":{"a":0,"k":[0.486000001197,0.728999956916,0.902000038297,1],"ix":4},"o":{"a":0,"k":100,"ix":5},"r":1,"bm":0,"nm":"Fill 1","mn":"ADBE Vector Graphic - Fill","hd":false},{"ty":"tr","p":{"a":0,"k":[38.854,118.02],"ix":2},"a":{"a":0,"k":[0,0],"ix":1},"s":{"a":0,"k":[100,100],"ix":3},"r":{"a":0,"k":0,"ix":6},"o":{"a":0,"k":100,"ix":7},"sk":{"a":0,"k":0,"ix":4},"sa":{"a":0,"k":0,"ix":5},"nm":"Transform"}],"nm":"Group 19","np":2,"cix":2,"bm":0,"ix":1,"mn":"ADBE Vector Group","hd":false},{"ty":"gr","it":[{"ind":0,"ty":"sh","ix":1,"ks":{"a":0,"k":{"i":[[-0.115,2.899],[0.072,0.627],[-0.286,0.951],[-0.085,0.117],[3.573,0.361],[0.863,-0.127],[0.065,-0.35],[-0.321,-0.421],[-0.369,-0.167],[-0.01,-2.879],[-0.009,-2.838],[-2.493,-0.275]],"o":[[0.029,-0.729],[-0.797,-0.477],[0.052,-0.173],[-1.46,-3.348],[-0.873,-0.088],[-0.456,0.067],[-0.083,0.446],[0.221,0.29],[2.555,1.158],[0.01,2.839],[2.289,0.435],[-0.031,-2.905]],"v":[[6.523,0.542],[6.445,-1.479],[5.549,-3.702],[5.762,-4.127],[-2.622,-9.137],[-5.262,-9.126],[-6.469,-8.299],[-5.868,-6.828],[-4.809,-6.263],[-0.788,-0.33],[-0.76,8.185],[6.426,9.253]],"c":true},"ix":2},"nm":"Path 1","mn":"ADBE Vector Shape - Group","hd":false},{"ty":"fl","c":{"a":0,"k":[0.486000001197,0.728999956916,0.902000038297,1],"ix":4},"o":{"a":0,"k":100,"ix":5},"r":1,"bm":0,"nm":"Fill 1","mn":"ADBE Vector Graphic - Fill","hd":false},{"ty":"tr","p":{"a":0,"k":[33,120.823],"ix":2},"a":{"a":0,"k":[0,0],"ix":1},"s":{"a":0,"k":[100,100],"ix":3},"r":{"a":0,"k":0,"ix":6},"o":{"a":0,"k":100,"ix":7},"sk":{"a":0,"k":0,"ix":4},"sa":{"a":0,"k":0,"ix":5},"nm":"Transform"}],"nm":"Group 20","np":2,"cix":2,"bm":0,"ix":2,"mn":"ADBE Vector Group","hd":false},{"ty":"gr","it":[{"ind":0,"ty":"sh","ix":1,"ks":{"a":0,"k":{"i":[[5.06,0.066],[0.375,-0.521],[-0.114,-1],[-0.019,-0.01],[-0.008,-1.74],[-0.005,-2.243],[-2.665,-0.043],[0.007,1.862]],"o":[[-0.665,-0.009],[0.336,0.768],[0.018,0.012],[1.66,0.941],[0.008,2.244],[2.521,0.222],[-0.002,-1.864],[-0.02,-5.032]],"v":[[-3.674,-7.275],[-5.374,-6.725],[-4.691,-4.078],[-4.637,-4.043],[-2.43,0.151],[-2.417,6.881],[5.37,7.284],[5.367,1.696]],"c":true},"ix":2},"nm":"Path 1","mn":"ADBE Vector Shape - Group","hd":false},{"ty":"fl","c":{"a":0,"k":[0.486000001197,0.728999956916,0.902000038297,1],"ix":4},"o":{"a":0,"k":100,"ix":5},"r":1,"bm":0,"nm":"Fill 1","mn":"ADBE Vector Graphic - Fill","hd":false},{"ty":"tr","p":{"a":0,"k":[44.135,123.421],"ix":2},"a":{"a":0,"k":[0,0],"ix":1},"s":{"a":0,"k":[100,100],"ix":3},"r":{"a":0,"k":0,"ix":6},"o":{"a":0,"k":100,"ix":7},"sk":{"a":0,"k":0,"ix":4},"sa":{"a":0,"k":0,"ix":5},"nm":"Transform"}],"nm":"Group 21","np":2,"cix":2,"bm":0,"ix":3,"mn":"ADBE Vector Group","hd":false},{"ty":"gr","it":[{"ind":0,"ty":"sh","ix":1,"ks":{"a":0,"k":{"i":[[0.19,0.783],[0.023,0.062],[0.141,-0.712]],"o":[[-0.017,-0.069],[-0.315,0.61],[0.619,-0.424]],"v":[[0.286,-0.816],[0.208,-0.992],[-0.475,0.992]],"c":true},"ix":2},"nm":"Path 1","mn":"ADBE Vector Shape - Group","hd":false},{"ty":"fl","c":{"a":0,"k":[0.486000001197,0.728999956916,0.902000038297,1],"ix":4},"o":{"a":0,"k":100,"ix":5},"r":1,"bm":0,"nm":"Fill 1","mn":"ADBE Vector Graphic - Fill","hd":false},{"ty":"tr","p":{"a":0,"k":[62.176,118.25],"ix":2},"a":{"a":0,"k":[0,0],"ix":1},"s":{"a":0,"k":[100,100],"ix":3},"r":{"a":0,"k":0,"ix":6},"o":{"a":0,"k":100,"ix":7},"sk":{"a":0,"k":0,"ix":4},"sa":{"a":0,"k":0,"ix":5},"nm":"Transform"}],"nm":"Group 22","np":2,"cix":2,"bm":0,"ix":4,"mn":"ADBE Vector Group","hd":false},{"ty":"gr","it":[{"ind":0,"ty":"sh","ix":1,"ks":{"a":0,"k":{"i":[[-0.237,1.017],[-1.022,0.625],[-0.039,0.028],[-0.315,0.609],[0.674,0.107],[0.354,-0.076],[1.676,-1.608],[0.022,-2.001],[-0.001,-2.196],[-2.537,0.181],[-0.009,1.777]],"o":[[0.262,-1.117],[0.041,-0.025],[0.141,-0.712],[-0.251,-0.66],[-0.364,-0.058],[-2.222,0.472],[-1.436,1.377],[-0.025,2.194],[2.67,-0.003],[0.004,-1.777],[0.004,-1.038]],"v":[[2.794,-1.426],[4.683,-4.101],[4.79,-4.186],[5.473,-6.168],[3.952,-7.204],[2.839,-7.219],[-3.126,-4.331],[-5.445,0.711],[-5.473,7.295],[2.344,7.011],[2.355,1.682]],"c":true},"ix":2},"nm":"Path 1","mn":"ADBE Vector Shape - Group","hd":false},{"ty":"fl","c":{"a":0,"k":[0.486000001197,0.728999956916,0.902000038297,1],"ix":4},"o":{"a":0,"k":100,"ix":5},"r":1,"bm":0,"nm":"Fill 1","mn":"ADBE Vector Graphic - Fill","hd":false},{"ty":"tr","p":{"a":0,"k":[56.911,123.427],"ix":2},"a":{"a":0,"k":[0,0],"ix":1},"s":{"a":0,"k":[100,100],"ix":3},"r":{"a":0,"k":0,"ix":6},"o":{"a":0,"k":100,"ix":7},"sk":{"a":0,"k":0,"ix":4},"sa":{"a":0,"k":0,"ix":5},"nm":"Transform"}],"nm":"Group 23","np":2,"cix":2,"bm":0,"ix":5,"mn":"ADBE Vector Group","hd":false},{"ty":"gr","it":[{"ind":0,"ty":"sh","ix":1,"ks":{"a":0,"k":{"i":[[-2.717,1.321],[-0.119,0.203],[0.136,0.403],[0.514,0.033],[2.185,-1.086],[0.712,-1.381],[-0.016,-0.069],[0.619,-0.424],[0.006,-0.615],[-0.008,-3.089],[-2.309,0.394],[-0.074,2.426]],"o":[[0.242,-0.117],[0.289,-0.493],[-0.143,-0.419],[-2.4,-0.157],[-1.629,0.809],[0.024,0.062],[0.191,0.783],[-0.11,0.554],[-0.028,3.089],[2.498,-0.232],[0.004,-2.429],[0.091,-2.945]],"v":[[4.983,-5.867],[5.665,-6.284],[6.295,-7.827],[4.879,-8.712],[-2.045,-7.434],[-5.532,-4.124],[-5.454,-3.949],[-6.214,-2.141],[-6.403,-0.398],[-6.414,8.868],[0.806,7.928],[0.864,0.644]],"c":true},"ix":2},"nm":"Path 1","mn":"ADBE Vector Shape - Group","hd":false},{"ty":"fl","c":{"a":0,"k":[0.486000001197,0.728999956916,0.902000038297,1],"ix":4},"o":{"a":0,"k":100,"ix":5},"r":1,"bm":0,"nm":"Fill 1","mn":"ADBE Vector Graphic - Fill","hd":false},{"ty":"tr","p":{"a":0,"k":[67.916,121.383],"ix":2},"a":{"a":0,"k":[0,0],"ix":1},"s":{"a":0,"k":[100,100],"ix":3},"r":{"a":0,"k":0,"ix":6},"o":{"a":0,"k":100,"ix":7},"sk":{"a":0,"k":0,"ix":4},"sa":{"a":0,"k":0,"ix":5},"nm":"Transform"}],"nm":"Group 24","np":2,"cix":2,"bm":0,"ix":6,"mn":"ADBE Vector Group","hd":false},{"ty":"gr","it":[{"ind":0,"ty":"sh","ix":1,"ks":{"a":0,"k":{"i":[[0,6.969],[24.06,0],[0,-9.379],[-14.493,-2.758],[0.01,2.839],[2.555,1.158],[0.22,0.29],[-0.083,0.446],[-0.456,0.067],[-0.873,-0.088],[-1.46,-3.348],[-0.665,-0.009],[-0.02,-5.031],[-0.002,-1.863],[-0.611,0],[-0.037,0],[-0.024,2.195],[-1.435,1.377],[-2.221,0.471],[-0.365,-0.057],[-0.251,-0.661],[-1.629,0.81],[-2.399,-0.158],[-0.142,-0.419],[0.289,-0.493],[0.242,-0.117],[0.091,-2.944],[0.004,-2.428]],"o":[[0,-9.379],[-24.06,0],[0,6.711],[-0.009,-2.838],[-0.01,-2.879],[-0.369,-0.167],[-0.321,-0.421],[0.065,-0.35],[0.862,-0.127],[3.573,0.361],[0.375,-0.52],[5.059,0.067],[0.008,1.862],[0.606,0.01],[0.037,0],[-0.001,-2.195],[0.023,-2.001],[1.676,-1.607],[0.355,-0.076],[0.674,0.108],[0.712,-1.381],[2.185,-1.086],[0.515,0.033],[0.137,0.404],[-0.119,0.203],[-2.717,1.322],[-0.074,2.426],[15.401,-2.618]],"v":[[43.565,-0.001],[0,-16.982],[-43.565,-0.001],[-19.087,15.268],[-19.115,6.753],[-23.136,0.82],[-24.196,0.255],[-24.796,-1.215],[-23.589,-2.043],[-20.95,-2.053],[-12.566,2.956],[-10.867,2.406],[-1.827,11.378],[-1.823,16.965],[0,16.982],[0.11,16.982],[0.138,10.398],[2.457,5.355],[8.421,2.469],[9.535,2.482],[11.056,3.52],[14.543,0.208],[21.466,-1.068],[22.882,-0.185],[22.253,1.359],[21.571,1.777],[17.452,8.286],[17.394,15.57]],"c":true},"ix":2},"nm":"Path 1","mn":"ADBE Vector Shape - Group","hd":false},{"ty":"fl","c":{"a":0,"k":[0.611999990426,0.855000035903,0.941000007181,1],"ix":4},"o":{"a":0,"k":100,"ix":5},"r":1,"bm":0,"nm":"Fill 1","mn":"ADBE Vector Graphic - Fill","hd":false},{"ty":"tr","p":{"a":0,"k":[51.328,113.739],"ix":2},"a":{"a":0,"k":[0,0],"ix":1},"s":{"a":0,"k":[100,100],"ix":3},"r":{"a":0,"k":0,"ix":6},"o":{"a":0,"k":100,"ix":7},"sk":{"a":0,"k":0,"ix":4},"sa":{"a":0,"k":0,"ix":5},"nm":"Transform"}],"nm":"Group 25","np":2,"cix":2,"bm":0,"ix":7,"mn":"ADBE Vector Group","hd":false},{"ty":"gr","it":[{"ind":0,"ty":"sh","ix":1,"ks":{"a":0,"k":{"i":[[1.661,0.94],[0.018,0.012],[0.029,-0.728],[-0.031,-2.905],[-0.772,-0.068],[0.009,2.244]],"o":[[-0.019,-0.011],[0.072,0.628],[-0.115,2.9],[0.756,0.083],[-0.005,-2.243],[-0.007,-1.74]],"v":[[-1.059,-5.445],[-1.111,-5.48],[-1.035,-3.459],[-1.131,5.253],[1.161,5.48],[1.148,-1.252]],"c":true},"ix":2},"nm":"Path 1","mn":"ADBE Vector Shape - Group","hd":false},{"ty":"fl","c":{"a":0,"k":[0.611999990426,0.855000035903,0.941000007181,1],"ix":4},"o":{"a":0,"k":100,"ix":5},"r":1,"bm":0,"nm":"Fill 1","mn":"ADBE Vector Graphic - Fill","hd":false},{"ty":"tr","p":{"a":0,"k":[40.557,124.823],"ix":2},"a":{"a":0,"k":[0,0],"ix":1},"s":{"a":0,"k":[100,100],"ix":3},"r":{"a":0,"k":0,"ix":6},"o":{"a":0,"k":100,"ix":7},"sk":{"a":0,"k":0,"ix":4},"sa":{"a":0,"k":0,"ix":5},"nm":"Transform"}],"nm":"Group 26","np":2,"cix":2,"bm":0,"ix":8,"mn":"ADBE Vector Group","hd":false},{"ty":"gr","it":[{"ind":0,"ty":"sh","ix":1,"ks":{"a":0,"k":{"i":[[-0.028,3.089],[-0.109,0.555],[0.041,-0.026],[0.262,-1.118],[0.005,-1.038],[0.004,-1.776],[-0.741,0.069]],"o":[[0.006,-0.614],[-0.039,0.027],[-1.021,0.625],[-0.237,1.016],[-0.009,1.776],[0.756,-0.055],[-0.008,-3.089]],"v":[[1.035,-3.854],[1.223,-5.598],[1.115,-5.513],[-0.774,-2.838],[-1.213,0.27],[-1.223,5.598],[1.023,5.413]],"c":true},"ix":2},"nm":"Path 1","mn":"ADBE Vector Shape - Group","hd":false},{"ty":"fl","c":{"a":0,"k":[0.611999990426,0.855000035903,0.941000007181,1],"ix":4},"o":{"a":0,"k":100,"ix":5},"r":1,"bm":0,"nm":"Fill 1","mn":"ADBE Vector Graphic - Fill","hd":false},{"ty":"tr","p":{"a":0,"k":[60.478,124.839],"ix":2},"a":{"a":0,"k":[0,0],"ix":1},"s":{"a":0,"k":[100,100],"ix":3},"r":{"a":0,"k":0,"ix":6},"o":{"a":0,"k":100,"ix":7},"sk":{"a":0,"k":0,"ix":4},"sa":{"a":0,"k":0,"ix":5},"nm":"Transform"}],"nm":"Group 27","np":2,"cix":2,"bm":0,"ix":9,"mn":"ADBE Vector Group","hd":false},{"ty":"tr","p":{"a":0,"k":[50.613,65.996],"ix":2},"a":{"a":0,"k":[50.613,65.996],"ix":1},"s":{"a":0,"k":[100,100],"ix":3},"r":{"a":0,"k":0,"ix":6},"o":{"a":0,"k":100,"ix":7},"sk":{"a":0,"k":0,"ix":4},"sa":{"a":0,"k":0,"ix":5},"nm":"Transform"}],"nm":"Ground","np":9,"cix":2,"bm":0,"ix":3,"mn":"ADBE Vector Group","hd":false}],"ip":0,"op":150.000006109625,"st":0,"bm":0}],"markers":[]}